id,sent,senders
1b2f327d216a3cc189ca8e2bd7ca7f2f23b323cc,14124,sdake
6e66c7f36c79270e0eb99950e446f2e312eeeaf9,13236,SamYaple
3e88500b0bba9ed3bc7b675898e1596fcf4b8e30,11713,openstack
4c194af6cacf8b3c55a99e0acd4b41d9ad898d1c,10546,clarkb
f7ffa2d8b70c9d073b0fb1b1a418d0387f0df7c0,9655,mriedem
2e147924450f557c90a33f9c473b7c0bf8761add,7758,anteaya
e7887f4ecf27a214a78dac89a975ac6cf4d7982a,7730,fungi
b45936236e4c843a838955914a76bb92396cf168,7356,jroll
144f037a24e5b918e14fdc85c3bdd52847b82405,7145,EmilienM
84b6ad7de7fe4bca071040fcdecb620bb7fe8a6d,6304,jgriffith
93727557fea7c7e79be46f14c94482041a7651cb,6076,mordred
17c951a19751faa848f6412feef32c3b70cc398d,5581,lifeless
f035490844fd07b93ec956048fc940537c778fe7,5503,johnthetubaguy
05d60dd120d662aa9024948aee8e77f9e0158a05,5477,lucasagomes
ae59c3713e1675a3fe8f0a7208b0596f10704d45,5426,sdague
