commits,id,authors
412,b1c854696bfc1a9063271c57b73d277ebf458874,Jeremy Stanley
348,acba0493705e0fc997c552b6dc6b6cb0e761a8d0,Doug Hellmann
291,1e3b5ac394031ef86c8106628681119939636e2c,Andreas Jaeger
257,be304e4b5b0d0d2fadf6b6babc0d9365be4fa482,Joshua Harlow
230,260afb7cd318071574eba9738c284d26fae180e9,David Pursehouse
229,fc47e2c0d0d39224628cd9aa9f3f2cf28e7082c6,Edwin Kempin
218,af5f62804b5fdac22c4519d0891ca66c44f4e487,Emilien Macchi
188,848f730f641a55d4627ced641b8d7ea4c0454f2c,Monty Taylor
178,6b24b58d6f00e84d246d9f55fdca234c2cea56c4,Dave Borowitz
158,d793fb6a31e09baab7330aa70c453800b54f58a0,Sean Dague
